{
  "calibration": [
    1,
    21,
    29,
    32,
    37,
    52,
    57,
    59,
    63,
    75,
    107,
    128,
    134,
    138
  ],
  "metadata": {
    "cal_frac": 0.09722222222222222,
    "n_calibration": 14,
    "n_test": 14,
    "n_total": 144,
    "n_train": 116,
    "seed": 42,
    "sha256": "9a665050e55fa1a5512a1ba0fdbb7494960378c4cf86a4b25dd8d6c5ba959ead",
    "test_frac": 0.09722222222222222,
    "train_frac": 0.8055555555555556
  },
  "test": [
    14,
    20,
    71,
    74,
    87,
    92,
    99,
    102,
    103,
    106,
    116,
    121,
    130,
    143
  ],
  "train": [
    0,
    2,
    3,
    4,
    5,
    6,
    7,
    8,
    9,
    10,
    11,
    12,
    13,
    15,
    16,
    17,
    18,
    19,
    22,
    23,
    24,
    25,
    26,
    27,
    28,
    30,
    31,
    33,
    34,
    35,
    36,
    38,
    39,
    40,
    41,
    42,
    43,
    44,
    45,
    46,
    47,
    48,
    49,
    50,
    51,
    53,
    54,
    55,
    56,
    58,
    60,
    61,
    62,
    64,
    65,
    66,
    67,
    68,
    69,
    70,
    72,
    73,
    76,
    77,
    78,
    79,
    80,
    81,
    82,
    83,
    84,
    85,
    86,
    88,
    89,
    90,
    91,
    93,
    94,
    95,
    96,
    97,
    98,
    100,
    101,
    104,
    105,
    108,
    109,
    110,
    111,
    112,
    113,
    114,
    115,
    117,
    118,
    119,
    120,
    122,
    123,
    124,
    125,
    126,
    127,
    129,
    131,
    132,
    133,
    135,
    136,
    137,
    139,
    140,
    141,
    142
  ]
}
