{
  "n_samples": 144,
  "n_thresholds": 10,
  "thresholds": [
    1.05,
    1.1,
    1.15,
    1.2,
    1.25,
    1.3,
    1.35,
    1.4,
    1.45,
    1.5
  ],
  "discriminative_thresholds": [
    1.35,
    1.4,
    1.45,
    1.5
  ],
  "correlation_results": {
    "spearman_li6_theta_1.35": {
      "r": 0.17471445844144415,
      "p": 0.03622095392785365
    },
    "spearman_li6_theta_1.40": {
      "r": 0.17776111774372466,
      "p": 0.033043961749661836
    },
    "spearman_li6_theta_1.45": {
      "r": 0.21777622142062836,
      "p": 0.008739302940786463
    }
  },
  "ac1_pass": true,
  "ac2_pass": true,
  "ac3_pass": true
}
