{
  "r2_mean": 0.9631023870720469,
  "r2_std": 0.028876756776711837,
  "r2_p5": 0.9170680443736003,
  "r2_p25": 0.9568270147730069,
  "r2_p50": 0.9691147061331403,
  "r2_p75": 0.9801850051532909,
  "r2_p95": 0.9899684951190538,
  "mae_mean": 0.0064585586071404235,
  "mae_std": 0.0019816591755468485,
  "mae_p5": 0.003875609477404438,
  "mae_p25": 0.005319213980116132,
  "mae_p50": 0.00634146591532713,
  "mae_p75": 0.007360198248987756,
  "mae_p95": 0.009963576822347602,
  "qhat_mean": 0.022872295172950828,
  "qhat_std": 0.008508392487020063,
  "qhat_p5": 0.011162957537838292,
  "qhat_p25": 0.017030893515668832,
  "qhat_p50": 0.021794590530397784,
  "qhat_p75": 0.027952559185133008,
  "qhat_p95": 0.03737995740394139,
  "ci_width_mean": 0.045744590345901656,
  "ci_width_std": 0.017016784974040126,
  "ci_width_p5": 0.022325915075676585,
  "ci_width_p25": 0.034061787031337665,
  "ci_width_p50": 0.04358918106079557,
  "ci_width_p75": 0.055905118370266016,
  "ci_width_p95": 0.07475991480788279,
  "picp_mean": 0.9378571428571431,
  "picp_std": 0.087280336518927,
  "picp_p5": 0.7821428571428571,
  "picp_p25": 0.9285714285714286,
  "picp_p50": 1.0,
  "picp_p75": 1.0,
  "picp_p95": 1.0,
  "width_range_ratio_mean": 0.29474687049522563,
  "width_range_ratio_std": 0.13849761600340493,
  "width_range_ratio_p5": 0.14239832411383505,
  "width_range_ratio_p25": 0.19636319238563832,
  "width_range_ratio_p50": 0.2643360848108527,
  "width_range_ratio_p75": 0.3439076329255923,
  "width_range_ratio_p95": 0.6014786024176604,
  "n_splits": 100,
  "alpha": 0.1,
  "seed42_r2": 0.9572957246675965,
  "seed42_in_p5_p95": true
}
