{
  "theta_1.40_frac_safe_mean": 0.8845138888888888,
  "theta_1.40_frac_safe_std": 0.028185463128891867,
  "theta_1.40_frac_safe_min": 0.8125,
  "theta_1.40_frac_safe_max": 0.9236111111111112,
  "theta_1.40_frac_safe_p5": 0.8333333333333334,
  "theta_1.40_frac_safe_p95": 0.9236111111111112,
  "theta_1.40_frac_uncertain_mean": 0.04604166666666666,
  "theta_1.40_frac_uncertain_std": 0.028185463128891874,
  "theta_1.40_frac_uncertain_min": 0.006944444444444444,
  "theta_1.40_frac_uncertain_max": 0.11805555555555555,
  "theta_1.40_frac_uncertain_p5": 0.006944444444444444,
  "theta_1.40_frac_uncertain_p95": 0.09722222222222222,
  "theta_1.40_frac_risk_mean": 0.06944444444444443,
  "theta_1.40_frac_risk_std": 1.3877787807814457e-17,
  "theta_1.40_frac_risk_min": 0.06944444444444445,
  "theta_1.40_frac_risk_max": 0.06944444444444445,
  "theta_1.40_frac_risk_p5": 0.06944444444444445,
  "theta_1.40_frac_risk_p95": 0.06944444444444445,
  "theta_1.45_frac_safe_mean": 0.6890972222222221,
  "theta_1.45_frac_safe_std": 0.03001181287488373,
  "theta_1.45_frac_safe_min": 0.6111111111111112,
  "theta_1.45_frac_safe_max": 0.7430555555555556,
  "theta_1.45_frac_safe_p5": 0.6381944444444444,
  "theta_1.45_frac_safe_p95": 0.7291666666666666,
  "theta_1.45_frac_uncertain_mean": 0.08173611111111112,
  "theta_1.45_frac_uncertain_std": 0.030011812874883734,
  "theta_1.45_frac_uncertain_min": 0.027777777777777776,
  "theta_1.45_frac_uncertain_max": 0.1597222222222222,
  "theta_1.45_frac_uncertain_p5": 0.041666666666666664,
  "theta_1.45_frac_uncertain_p95": 0.13263888888888886,
  "theta_1.45_frac_risk_mean": 0.22916666666666669,
  "theta_1.45_frac_risk_std": 2.7755575615628914e-17,
  "theta_1.45_frac_risk_min": 0.22916666666666666,
  "theta_1.45_frac_risk_max": 0.22916666666666666,
  "theta_1.45_frac_risk_p5": 0.22916666666666666,
  "theta_1.45_frac_risk_p95": 0.22916666666666666,
  "theta_1.50_frac_safe_mean": 0.41152777777777777,
  "theta_1.50_frac_safe_std": 0.08982589899149149,
  "theta_1.50_frac_safe_min": 0.1388888888888889,
  "theta_1.50_frac_safe_max": 0.5486111111111112,
  "theta_1.50_frac_safe_p5": 0.25590277777777776,
  "theta_1.50_frac_safe_p95": 0.5149305555555554,
  "theta_1.50_frac_uncertain_mean": 0.17180555555555554,
  "theta_1.50_frac_uncertain_std": 0.08982589899149149,
  "theta_1.50_frac_uncertain_min": 0.034722222222222224,
  "theta_1.50_frac_uncertain_max": 0.4444444444444444,
  "theta_1.50_frac_uncertain_p5": 0.06840277777777778,
  "theta_1.50_frac_uncertain_p95": 0.3274305555555555,
  "theta_1.50_frac_risk_mean": 0.4166666666666666,
  "theta_1.50_frac_risk_std": 1.1102230246251565e-16,
  "theta_1.50_frac_risk_min": 0.4166666666666667,
  "theta_1.50_frac_risk_max": 0.4166666666666667,
  "theta_1.50_frac_risk_p5": 0.4166666666666667,
  "theta_1.50_frac_risk_p95": 0.4166666666666667,
  "n_qhat_values": 100,
  "n_samples": 144,
  "thresholds": [
    1.4,
    1.45,
    1.5
  ]
}